smiles,dipm,gap,lumo,combined
N#N, 0.0, 4.129588237549, -8.1534, 8.286511762451
S=S, 0.0, 1.04098e-07, -10.2514, 10.365800104098
Brc1ccccc1-c1ccccc1-c1ccccc1-c1ccccc1, 3.237, 3.494056156285, -6.922, 10.927643843715
Ic1ccccc1, 3.682, 4.142552241292, -6.7381, 10.540247758708
C=CC=CC=C=CC=CC=C=O, 1.394, 2.499295898914, -7.2988, 9.6928
C=CC=CC=C=S, 1.356, 1.613214423231, -8.192, 10.548
Clc1ccccc1, 1.823, 4.353889054901, -6.5171, 8.248910945099
SI, 2.808, 2.66236967845, -8.1638, 11.9718
C=CC=CC=C=S, 1.359, 1.613382658631, -8.1925, 10.5515
S=NNI, 2.976, 1.602196827405, -8.8144, 12.790399999999998
Clc1ccccc1, 1.823, 4.35382249599, -6.5172, 8.24907750401
Fc1ccccc1, 2.187, 4.647701292257, -6.5446, 8.346598707743
C(=CC=CC=Cc1ccccc1)=Pc1ccccc1-c1ccccc1, 1.418, 2.145559217025, -7.5846, 10.002600000000001
OF, 2.383, 6.831166917865, -6.3112, 6.1257330821350005
P=S, 2.143, 0.876118062124, -9.4119, 12.545418062124
Ic1ccccc1, 3.682, 4.142564289275, -6.7381, 10.540235710725
N#CN, 4.793, 5.897737277743, -5.2952, 8.453162722257
C=CC=CC=C=CC=CC=CO, 0.968, 2.660573388136, -7.0411, 9.0091
P=S, 2.143, 0.876931044445, -9.4113, 12.545631044445
Fc1ccccc1-c1ccccc1P, 0.878, 3.5417893761, -6.9619, 8.5608106239
C#N, 2.622, 5.950167377823, -6.2916, 7.2261326221769995
C#N, 2.622, 5.950172891813, -6.2916, 7.226127108187
Ic1ccccc1, 3.682, 4.142583492067, -6.7381, 10.540216507933
OC=CC=CC=C=S, 3.867, 1.478595146829, -8.029, 12.896
Brc1ccccc1-c1ccccc1, 3.354, 3.777516514889, -6.9105, 10.749683485111
FCl, 1.864, 3.864131836074, -8.9457, 11.208268163926
S=CCC=C=NBr, 3.936, 1.391508080239, -8.8145, 13.7505
C=C=CC=CC=C, 0.715, 2.854294710357, -7.0184, 8.7334
CI, 3.691, 4.81458236822, -6.2957, 9.43481763178
BrSc1ccccc1, 4.545, 2.250766681487, -8.1153, 13.6603
C=CC=CC=C=O, 1.229, 2.581265353291, -7.3296, 9.5586
NC(I)=CC=CC=CF, 5.833, 2.498820310024, -7.3744, 14.2074
Fc1ccccc1-c1ccccc1, 1.926, 3.784380368218, -6.8779, 9.282219631781999
CPPc1ccccc1Br, 3.096, 3.183765369951, -7.0898, 11.1858
Clc1ccccc1, 1.823, 4.353807466264, -6.5172, 8.249092533736
C=CC=CC=C(P)P=S, 5.362, 0.893378296217, -9.0927, 15.4547
Clc1ccccc1-c1ccccc1, 1.622, 3.842920144152, -6.7746, 8.816379855848
Brc1ccccc1, 3.566, 4.119358948496, -6.7788, 10.488141051504
O=CC=C=C=S, 1.665, 0.52156381911, -9.9522, 12.25316381911
Pc1ccccc1I, 4.26, 3.797030248852, -7.0644, 11.790069751148
O=O, 0.0, 1.81e-10, -12.0513, 12.165700000181
FS, 1.942, 2.968609150174, -7.8041, 10.7461
PBr, 4.222, 4.376316863317, -7.1912, 11.299583136683001
C=CC=CC=C=PCC=CC=CC=C=O, 1.275, 2.230067876972, -7.4566, 9.7316
O=C=CC=CC=CCPP, 1.439, 2.473792062169, -7.3138, 9.7528
NBr, 2.822, 3.656421227581, -7.1969, 10.625178772419
NC=CC=CC=C=S, 4.777, 1.314888555971, -7.8062, 13.5832
C=CC=CC=C(C)C=CC=CCl, 2.168, 1.821854973936, -7.8919, 11.059899999999999
NPc1ccccc1Br, 3.083, 3.223930787671, -7.0018, 11.084800000000001
S=Cc1ccccc1, 3.857, 1.047109528215, -8.6733, 13.5303
Fc1ccccc1, 2.187, 4.647665985789, -6.5446, 8.346634014211
Brc1ccccc1, 3.566, 4.119351807497, -6.7789, 10.488248192503
O=C=CC=CC=CP=C=CC=CC=CN=C=C=CC=CC=CP, 2.768, 1.00064204617, -8.4417, 12.209700000000002
Brc1ccccc1-c1ccccc1-c1ccccc1, 3.405, 3.679717028367, -6.9032, 10.891182971633
c1ccccc1, 0.0, 4.932061586103, -6.0204, 5.351038413897
N, 1.785, 12.228120772583, 1.7224, -7.902820772583
C=CC=CC=C=O, 1.233, 2.580752951283, -7.3307, 9.5637
N=S, 1.389, 0.109527472947, -9.7311, 11.344027472947
N, 1.786, 12.228310428805, 1.7224, -7.902010428805001
C#N, 2.622, 5.950175829519, -6.2916, 7.2261241704809995
C=CC=CC=C=S, 1.357, 1.613543303831, -8.1916, 10.5486
Clc1ccccc1, 1.823, 4.35381717343, -6.5172, 8.24908282657
O=C=CC=CC=CF, 2.201, 2.6109611437, -7.5492, 10.7502
O=S, 1.829, 5.0099e-08, -10.1309, 12.074300050099001
Cc1ccccc1F, 1.973, 4.559988502967, -6.3726, 8.048311497033
P#P, 0.0, 2.493155678259, -7.9878, 8.9878
I, 2.477, 6.431506012591, -5.1037, 5.411893987409
N#Cc1ccccc1-c1ccccc1, 3.969, 3.396536572647, -7.4681, 12.303263427352999
N=S, 1.389, 0.109527751069, -9.7311, 11.344027751069
CSOI, 3.921, 1.621343023903, -9.1311, 14.0521
C=CC=CC=C=O, 1.232, 2.580968064718, -7.3305, 9.5625
N=S, 1.389, 0.10952812778, -9.7311, 11.34402812778
c1ccccc1, 0.001, 4.932041852179, -6.0204, 5.352058147821
Br, 2.556, 7.056715870363, -4.5869, 4.348884129637
Fc1ccccc1, 2.187, 4.647679412032, -6.5446, 8.346620587968
S=C=CC=CC=Cc1ccccc1, 1.309, 1.459692282877, -8.2012, 10.510200000000001
O=O, 0.0, 3.26e-10, -12.0513, 12.165700000326
FP, 2.061, 5.628869450776, -5.9813, 6.676130549223999
C=CC=CC=C=NCl, 1.974, 2.348504426215, -7.7094, 10.683399999999999
C, 0.0, 17.372432009839, 4.6516, -17.761332009839002
C#N, 2.622, 5.950164643584, -6.2916, 7.226135356415999
O, 2.218, 14.400086183605, 2.2527, -10.172086183605
C=CC=CC=C=O, 1.234, 2.58072971201, -7.3309, 9.5649
ClI, 2.715, 3.050778323478, -8.5633, 12.2783
S=C=CC=CC=Cc1ccccc1C=CC=CCl, 1.266, 1.467915501313, -8.2585, 10.5245
C#P, 0.972, 3.95132059516, -6.8674, 8.15077940484
FP, 2.061, 5.62889740688, -5.9813, 6.6761025931199995
Brc1ccccc1-c1ccccc1, 3.354, 3.782879958974, -6.9066, 10.740420041025999
O=O, 0.0, 2.53e-10, -12.0513, 12.165700000252999
CC=CC=CC=C=S, 2.276, 1.54642039275, -8.0794, 11.3554
Fc1cccc2c(Cc3ccccc3)cccc12, 2.461, 3.138817826453, -7.2225, 10.6835
c1ccccc1, 0.001, 4.932071276157, -6.0204, 5.352028723843
N=O, 1.78, 0.779555513317, -9.9993, 12.673255513316999
Brc1ccccc1, 3.566, 4.119366253333, -6.7788, 10.488133746667
C#P, 0.972, 3.951320368473, -6.8674, 8.150779631527
Ic1ccccc1, 3.682, 4.142572690202, -6.7381, 10.540227309798
FS, 1.942, 2.968601831628, -7.8041, 10.7461
FS, 1.942, 2.968529367138, -7.8042, 10.7462
Brc1ccccc1, 3.566, 4.119352986041, -6.7789, 10.488247013959
c1ccccc1, 0.0, 4.932059270042, -6.0204, 5.351040729958
c1ccccc1, 0.0, 4.932037397098, -6.0204, 5.351062602902
O=C=CC=CC=Cc1cccc2ccccc12, 1.086, 2.058693966628, -7.5599, 9.645900000000001
FBr, 0.517, 2.680273172138, -10.0096, 11.5266
SI, 2.808, 2.662297560616, -8.1638, 11.9718
c1ccc(-c2ccccc2)cc1, 0.002, 3.849826147394, -6.6104, 7.025273852606
P=P, 1.731, 2.085307879686, -8.4592, 11.190199999999999
P#P, 0.0, 2.493155667119, -7.9878, 8.9878
C=CC=CC=C=CC=CC=CSF, 2.163, 2.438602564122, -7.337, 10.5
C=CC=CC=C=PI, 5.078, 2.395099100293, -8.2151, 14.293099999999999
S=CBr, 1.712, 1.535921236226, -9.3356, 12.0476
Fc1ccccc1, 2.187, 4.647672399702, -6.5446, 8.346627600298
c1ccccc1, 0.0, 4.931822605148, -6.0205, 5.351377394852
OF, 2.383, 6.831217135235, -6.3111, 6.125582864765
IC1=CC=CCOC1, 3.858, 3.381327374074, -7.4891, 12.228472625925999
C=S, 2.206, 1.239723200114, -8.8654, 12.071399999999999
C=CC=CC=C=O, 1.233, 2.581023837986, -7.3306, 9.5636
N, 1.785, 12.227448263918, 1.7222, -7.901948263917999
Clc1ccccc1, 1.823, 4.353866273544, -6.5171, 8.248933726456
O=O, 0.0, 2.78e-10, -12.0513, 12.165700000278
OP, 0.559, 5.669199944182, -5.3886, 4.541100055818
c1ccccc1, 0.001, 4.931800447794, -6.0205, 5.352399552206
CCl, 2.04, 7.012613104248, -4.2824, 3.5724868957519993
Clc1ccccc1, 1.823, 4.353853934263, -6.5171, 8.248946065737
II, 0.0, 2.731780658857, -8.8364, 9.8364
Fc1ccccc1, 2.187, 4.647676154091, -6.5446, 8.346623845908999
NOCBr, 3.528, 4.927156236749, -6.2277, 9.091243763250999
O=C=CC=CC=CO, 0.877, 2.413794575165, -7.2109, 9.0879
C=CC=CC=C=CC=C1C=CCC=C1, 1.631, 2.411586158428, -7.081, 9.712
O, 2.218, 14.400093681396, 2.2527, -10.172093681396
C=O, 2.335, 3.620230658582, -7.9139, 10.891369341417999
P#P, 0.0, 2.493155683033, -7.9878, 8.9878
NCl, 1.694, 4.725963196509, -6.0756, 7.306336803490999
Fc1ccccc1, 2.187, 4.64766275766, -6.5446, 8.34663724234
ClPBr, 4.576, 4.276898878388, -7.3674, 11.929201121612
S=CC=Cc1ccccc1, 5.112, 0.80678340743, -8.7693, 14.80248340743
C=O, 2.335, 3.620190497682, -7.9139, 10.891409502318
Clc1ccccc1, 1.823, 4.353851604428, -6.5171, 8.248948395572
C#CCl, 0.208, 6.439741002001, -4.7287, 2.759658997999
c1ccc(-c2ccccc2)cc1, 0.001, 3.859207918241, -6.604, 7.008492081759
C, 0.0, 17.372301205124, 4.6515, -17.761101205124
C=CC=CC=C=O, 1.233, 2.58061009244, -7.3307, 9.5637
O=C=CC=CC=Cc1ccccc1-c1ccccc1-c1ccccc1, 1.246, 2.352563064223, -7.3208, 9.5668
NF, 2.597, 7.690388841534, -3.6991, 2.8684111584659995
NCl, 1.694, 4.725786091038, -6.0758, 7.306713908962
F, 2.535, 16.506614079961, 3.1008, -12.809714079961001
PCl, 1.285, 4.991416247809, -6.2984, 6.854683752191
FP, 2.061, 5.628878091845, -5.9813, 6.676121908154999
C=CC=CC=C=S, 1.358, 1.613455509129, -8.1922, 10.5502
Pc1ccccc1Br, 3.032, 3.863445731757, -7.1861, 10.617354268243
ClNc1ccccc1, 1.136, 3.548606592423, -6.5596, 8.409693407576999
ICI, 3.145, 3.892564237977, -7.681, 11.196135762023
C=CC=CC=C=PBr, 5.219, 2.434807454518, -8.2517, 14.4707
O=P, 2.056, 2.172729302623, -8.8837, 11.939699999999998
C=CC=CC=C(P)C=CC=CC1=C=C=CC=C1Br, 1.675, 1.617004591445, -8.2882, 10.9632
O=S, 1.829, 7.5814e-08, -10.1309, 12.074300075814001
ClCl, 0.0, 3.369772696745, -8.6238, 9.516727303255
Clc1ccccc1, 1.823, 4.3538651574, -6.5171, 8.2489348426
OBr, 2.21, 3.299049230926, -8.2494, 11.423050769073999
Fc1ccccc1, 2.187, 4.647654388002, -6.5446, 8.346645611998
FCl, 1.864, 3.864131836065, -8.9457, 11.208268163935
PCl, 1.285, 4.99212901118, -6.2978, 6.853370988819999
C=CC=CC=CC(Br)=CC=CC=C, 3.327, 1.676353654503, -8.2135, 12.5405
Brc1ccccc1-c1ccccc1, 3.354, 3.777826350466, -6.9103, 10.749173649534
C=CC=CC=C=S, 1.358, 1.613649633333, -8.1923, 10.5503
S, 1.967, 5.216672287659, -5.4563, 6.469327712341
Sc1ccccc1PCl, 3.333, 3.242524448161, -7.1239, 11.456900000000001
C=C=CC=CCC(C)=CC=CC=C, 1.224, 2.696409859717, -7.0237, 9.2477
N#P, 1.895, 3.221396845245, -7.9779, 10.8729
N#N, 0.0, 4.129588237308, -8.1534, 8.286511762692
C=CC=CC=C=N, 1.791, 2.694846025438, -6.8286, 9.6196
N, 1.786, 12.228357225338, 1.7224, -7.902057225338
ClC=CC=CC=C=NCI, 3.886, 2.373612534516, -7.7086, 12.5946
S=C=CC=CC=Cc1ccccc1, 1.31, 1.46040480175, -8.2008, 10.5108
Fc1ccccc1-c1ccccc1, 1.926, 3.783980595126, -6.8781, 9.282819404874
Clc1ccccc1-c1ccccc1, 1.622, 3.842732744939, -6.7747, 8.816667255060999
I, 2.477, 6.431506024398, -5.1037, 5.411893975602
S=S, 0.0, 1.1532e-07, -10.2514, 10.36580011532
Brc1ccccc1, 3.566, 4.119350010628, -6.7789, 10.488249989372001
CC=CC=CC=O, 4.546, 2.528509769383, -8.1306, 13.6766
N, 1.785, 12.228011142893, 1.7223, -7.902611142892999
C#N, 2.622, 5.950163273708, -6.2916, 7.226136726291999
IPI, 3.585, 3.732895702773, -7.9474, 12.062204297227
PI, 4.048, 4.138941698425, -7.2367, 11.408458301575
SNBr, 1.739, 2.526287927167, -8.3435, 11.0825
FCI, 3.177, 4.562868601553, -7.0777, 9.954531398447
II, 0.0, 2.731780658823, -8.8364, 9.8364
N=Pc1ccccc1Br, 4.783, 2.453830900001, -8.1026, 13.8856
FI, 0.886, 2.795067982615, -9.4188, 11.3048
C=CC=CC=C=O, 1.228, 2.580225006773, -7.3306, 9.558599999999998
PBr, 4.222, 4.376267577733, -7.1912, 11.299632422267
C=S, 2.206, 1.239425694284, -8.8658, 12.0718
Brc1ccccc1, 3.566, 4.119366260409, -6.7788, 10.488133739591
ClI, 2.715, 3.050778323514, -8.5633, 12.2783
CCl, 2.04, 7.012753029428, -4.2823, 3.5722469705720004
I, 2.477, 6.431506024407, -5.1037, 5.411893975592999
S=C=CC=CC=CCl, 1.6, 1.590173472242, -8.3671, 10.9671
ClPCl, 0.972, 4.731873935417, -6.6503, 7.153126064582999
O, 2.218, 14.400145109061, 2.2528, -10.172245109061002
NBr, 2.82, 3.655338036991, -7.199, 10.626361963009
OF, 2.383, 6.831395737222, -6.3109, 6.1252042627779995
P, 1.263, 5.959511432699, -5.4771, 5.0432885673009995
Clc1ccccc1, 1.823, 4.353827137716, -6.5172, 8.249072862283999
P=S, 2.143, 0.877271596322, -9.4107, 12.545371596322
POc1ccccc1Br, 3.681, 3.852055314643, -6.8875, 10.979144685357
SBr, 2.964, 2.65165266533, -8.2898, 12.2538
Ic1ccccc1, 3.682, 4.142571601741, -6.7381, 10.540228398259
Clc1ccccc1, 1.823, 4.353885579957, -6.5171, 8.248914420043
C=S, 2.206, 1.239999136034, -8.8653, 12.071299999999999
OPc1ccccc1I, 3.132, 3.604687912449, -7.0612, 10.851212087551
Brc1ccccc1-c1ccccc1, 3.354, 3.780075447642, -6.9087, 10.745324552358
FS, 1.942, 2.968604942968, -7.8041, 10.7461
Fc1ccccc1, 2.187, 4.647665495469, -6.5446, 8.346634504531
C=CC=CC=C=CC=CC=C=C=NI, 6.519, 1.708556921556, -8.4315, 15.9505
PCl, 1.284, 4.991870807158, -6.2981, 6.852929192842
C=CC=CC=C=O, 1.234, 2.580988552784, -7.3308, 9.5648
FBr, 0.517, 2.680273169996, -10.0096, 11.5266
PCl, 1.284, 4.995510912811, -6.2956, 6.846789087189
I, 2.477, 6.431506012569, -5.1037, 5.411893987431
Cc1ccccc1, 0.536, 4.710611856852, -5.8985, 5.9865881431479995
PBr, 4.222, 4.376060683648, -7.1914, 11.300039316351999
c1ccccc1, 0.0, 4.932058633616, -6.0204, 5.351041366384
BrCc1ccccc1, 3.924, 4.048916937494, -6.9267, 11.064483062506
C=CC=CC=C=O, 1.224, 2.581613534229, -7.3287, 9.552700000000002
S=C=CC=CC=Cc1ccccc1, 1.311, 1.460382387722, -8.2007, 10.5117
FCl, 1.864, 3.864131832063, -8.9457, 11.208268167937
PBr, 4.225, 4.381057115184, -7.1873, 11.293942884815998
Fc1ccccc1, 2.187, 4.647670318029, -6.5446, 8.346629681970999
O=C=CC=CC=Cc1ccccc1-c1ccccc1, 1.26, 2.354288088046, -7.3289, 9.588899999999999
ClC=CC=CC=C=NI, 2.196, 1.932833869482, -8.3216, 11.5176
C=NC=CC=CC=CC=CC=C(Cl)C=CC=CC=C=POBr, 2.827, 0.890454915415, -8.9602, 12.7872
ClPc1ccccc1, 2.003, 3.879654217268, -6.8068, 9.192845782732
S=C=CC=CC=CS, 0.316, 1.438776480103, -8.2381, 9.5541
P#P, 0.0, 2.493155688098, -7.9878, 8.9878
Ic1ccccc1N=C=CC=CC=CCC=C=CC=CC=CC=CC=CCSc1ccccc1, 0.809, 1.876372178602, -7.476, 9.285
OBr, 2.209, 3.298848483177, -8.2498, 11.422651516823
O=S, 1.829, 1.46019e-07, -10.1309, 12.074300146019
S=CBr, 1.712, 1.535527007672, -9.3359, 12.0479
O=C=CC=CC=CC=CC=CCSc1ccccc1, 2.13, 1.868619524422, -7.7222, 10.8522
CSF, 2.803, 2.891802917156, -7.2357, 11.038699999999999
O=C=CC=CC=Cc1ccccc1, 1.143, 2.352669259476, -7.3609, 9.5039
C=CC=CSC, 2.214, 2.893501215339, -6.7519, 9.9659
FP, 2.061, 5.628875636774, -5.9813, 6.676124363226
Clc1ccccc1, 1.823, 4.353823391691, -6.5172, 8.249076608309
c1ccccc1, 0.0, 4.932052627225, -6.0204, 5.3510473727750005
S=CC=CC=CBr, 2.588, 0.665158160756, -9.2369, 12.604458160756
FS, 1.942, 2.968605310815, -7.8041, 10.7461
C=CC=CC=C=C(F)Cl, 3.81, 2.760851028842, -7.9978, 12.8078
Ic1ccccc1, 3.682, 4.14256917219, -6.7381, 10.54023082781
NC(=CC=CC=CO)OF, 10.328, 0.643405547038, -9.4178, 20.503605547038
Ic1ccccc1, 3.682, 4.142556056293, -6.7381, 10.540243943706999
N#N, 0.0, 4.129588237465, -8.1534, 8.286511762535
ISI, 2.194, 2.127419978392, -8.8022, 11.996199999999998
P, 1.263, 5.959805361628, -5.4766, 5.042494638372
C=CC=CC=C=O, 1.233, 2.580919177645, -7.3307, 9.5637
CC=CC=CC=C=CC=CC=C=CF, 3.164, 2.525844333569, -7.3599, 11.5239
ClBr, 3.815, 3.041200917144, -8.8602, 13.6752
COCC=CC=C=S, 2.597, 1.758753957665, -8.1361, 11.7331
I, 2.477, 6.431506024398, -5.1037, 5.411893975602
OF, 2.383, 6.831169210258, -6.3112, 6.125730789742
c1ccccc1, 0.001, 4.932072364791, -6.0204, 5.352027635209001
F, 2.535, 16.506614077302, 3.1008, -12.809714077302
ClCl, 0.0, 3.369772696622, -8.6238, 9.516727303378
Br, 2.556, 7.056715870396, -4.5869, 4.3488841296039995
N#P, 1.895, 3.221396842485, -7.9779, 10.8729
C=CC=CC=C=O, 1.234, 2.580835552488, -7.331, 9.565000000000001
O=S, 1.829, 2.087e-08, -10.1309, 12.07430002087
c1ccccc1, 0.0, 4.932069516772, -6.0204, 5.3510304832280005
O=S, 1.829, 9.6317e-08, -10.1309, 12.074300096317
Nc1ccccc1I, 3.495, 3.737280733359, -6.3856, 10.406019266641
O=S, 1.829, 2.9574e-08, -10.1309, 12.074300029574001
C=O, 2.335, 3.620505205937, -7.9135, 10.890694794063
C=CC=CC=C=PCl, 2.416, 2.512413653864, -7.8824, 11.298399999999999
Pc1ccccc1Br, 3.032, 3.86352134857, -7.1861, 10.617278651429999
Sc1ccccc1-c1ccccc1-c1ccccc1Br, 2.997, 3.368621160606, -6.771, 10.662078839393999
Ic1ccccc1, 3.682, 4.142565801146, -6.7381, 10.540234198854
FCl, 1.864, 3.864131832543, -8.9457, 11.208268167457
CC=NS, 1.596, 3.562870464764, -6.6598, 8.955629535236
N=PC=CC=CC=C=Nc1ccccc1SOI, -10000, -10000, -10000, -10000
OF, 2.383, 6.831019389211, -6.3114, 6.126080610789
C=CC=CC=C=NC=CC=CC=C=CC=CC=CC=C=O, 2.81, 1.694940744839, -7.5956, 11.4056
POc1ccccc1I, 3.77, 3.891271330547, -6.8403, 10.981728669452998
Fc1ccccc1, 2.187, 4.64768226372, -6.5446, 8.346617736279999
C=CC=CC=C=O, 1.233, 2.580863214716, -7.3309, 9.5639
Oc1ccccc1, 1.513, 4.351834681262, -6.0765, 7.500365318738
FNN=NI, 3.751, 2.596485440454, -8.4665, 13.2175
CI, 3.691, 4.814498069659, -6.2959, 9.435101930340998
SI, 2.808, 2.662385466612, -8.1637, 11.9717
Brc1ccccc1, 3.566, 4.119372742587, -6.7788, 10.488127257413
Clc1ccccc1, 1.823, 4.353856370049, -6.5171, 8.248943629951
FCl, 1.864, 3.864131832359, -8.9457, 11.208268167641
S=C=CC=CC=CS, 0.303, 1.439587781245, -8.237, 9.54
C=C=CC=CC=CC, 0.203, 2.815886021949, -6.8445, 8.0475
N#P, 1.895, 3.22139684255, -7.9779, 10.8729
C=O, 2.336, 3.619649441917, -7.9147, 10.893750558083
OF, 2.383, 6.831348767237, -6.311, 6.125351232762999
P#P, 0.0, 2.493155669506, -7.9878, 8.9878
Clc1ccccc1, 1.823, 4.35381906798, -6.5172, 8.24908093202
C=CC=CC=C=PCC=CC=Cc1ccccc1F, 3.005, 2.218755321929, -7.6523, 11.6573
P=S, 2.143, 0.875945434941, -9.4115, 12.544845434941
C=CC=CC=C=S, 1.356, 1.613869433486, -8.1915, 10.5475
Fc1ccccc1, 2.187, 4.647669517986, -6.5446, 8.346630482014
c1ccc(-c2ccccc2)cc1, 0.001, 3.85311289125, -6.6082, 7.01878710875
COc1ccccc1Br, 4.8, 3.849787712202, -6.6865, 11.899412287798
C=CC=CC=C=O, 1.233, 2.581029149212, -7.3306, 9.5636
ClBr, 3.815, 3.041200915939, -8.8602, 13.6752
C=CC=CC=C=S, 1.355, 1.613444114395, -8.1915, 10.5465
N=O, 1.78, 0.779557734811, -9.9993, 12.673257734811
IOc1ccccc1-c1ccccc1-c1ccccc1, 2.227, 2.31589801802, -8.0968, 11.3238
FP=S, 1.478, 1.442046898263, -9.5887, 12.066699999999999
OI, 2.139, 3.303951989699, -7.9391, 11.036848010301
O=S, 1.829, 1.09006e-07, -10.1309, 12.074300109006
NBr, 2.822, 3.656423266824, -7.1968, 10.625076733176
N#P, 1.895, 3.221396842942, -7.9779, 10.8729
C=S, 2.206, 1.239733203006, -8.8655, 12.0715
Sc1ccccc1Cl, 2.003, 3.563609368589, -6.7365, 9.438590631411
CBr, 3.735, 5.273286467437, -5.8766, 8.601013532563
C=CC=Cc1cccc(C#P)c1C=C, 1.795, 2.646623482317, -7.4935, 10.288499999999999
PBr, 4.225, 4.381135499898, -7.1873, 11.293864500102
P=S, 2.143, 0.875365539802, -9.4119, 12.544665539801999
P#P, 0.0, 2.493155667915, -7.9878, 8.9878
Clc1ccccc1, 1.823, 4.353831274204, -6.5171, 8.248968725795999
C, 0.0, 17.372294382446, 4.6515, -17.761094382446004
C=CC=CC=C=S, 1.355, 1.614131706111, -8.191, 10.546000000000001
C=CC=CC=C=NOC=CC=CC=C=O, 2.04, 2.422165570013, -7.2947, 10.3347
CF, 2.257, 14.291166763761, 1.8139, -9.585366763761
N#P, 1.895, 3.221396842576, -7.9779, 10.8729
P#P, 0.0, 2.493155667119, -7.9878, 8.9878
N#P, 1.895, 3.221396845427, -7.9779, 10.8729
C=CC=CC=C=O, 1.234, 2.58082052549, -7.3309, 9.5649
C=S, 2.206, 1.239680177019, -8.8655, 12.0715
S, 1.967, 5.216674288756, -5.4563, 6.469325711244
C=CC=CC=C=O, 1.233, 2.581203758331, -7.3303, 9.5633
ClCc1ccccc1, 2.158, 4.511529017947, -6.5453, 8.454470982053
Ic1ccccc1-c1ccccc1, 3.526, 4.096822345343, -6.6582, 10.350077654657
C=CC=CC=C=O, 1.228, 2.580242818503, -7.3305, 9.558499999999999
Clc1ccccc1, 1.823, 4.353835090707, -6.5171, 8.248964909292999
I, 2.477, 6.431506012537, -5.1037, 5.411893987462999
OCl, 1.567, 4.446680479934, -7.259, 8.642019520066
O=CBr, -10000, -10000, -10000, -10000
Brc1ccccc1, 3.566, 4.119357570272, -6.7788, 10.488142429728
C=PCl, 1.29, 3.129687055868, -7.7159, 10.0059
II, 0.0, 2.731780659036, -8.8364, 9.8364
CI, 3.691, 4.815042272622, -6.2952, 9.433857727378001
NF, 2.597, 7.690171218416, -3.6994, 2.868928781583999
O=S, 1.829, 1.4084e-07, -10.1309, 12.07430014084
c1ccccc1, 0.001, 4.931990993602, -6.0204, 5.352109006398001
Clc1ccccc1, 1.821, 4.354124292146, -6.516, 8.245575707854
N#CCl, 3.234, 6.288530423043, -6.4196, 7.627769576956999
FP, 2.061, 5.628878119382, -5.9813, 6.676121880618
FP, 2.061, 5.628883333172, -5.9813, 6.676116666827999
P#P, 0.0, 2.493155681442, -7.9878, 8.9878
C=CC=CC=C=O, 1.233, 2.580944135788, -7.3308, 9.5638
ClBr, 3.815, 3.041200916716, -8.8602, 13.6752
NF, 2.597, 7.690460311945, -3.699, 2.868239688054999
OCl, 1.567, 4.446791604738, -7.2588, 8.641708395261999
Cl, 1.051, 9.166710323635, -2.8332, -1.0198103236349998
c1ccc2ccccc2c1, 0.0, 3.249267855484, -7.0191, 8.0191
Fc1ccccc1-c1ccccc1C=S, 3.622, 1.04150678723, -8.6572, 13.2792
Br, 2.556, 7.056715872295, -4.5869, 4.348884127704999
C=CC=CC=C1CC=CC=C(O)C1, 1.391, 2.534004026965, -7.016, 9.407
C=CC=CC=C=S, 1.355, 1.613603235641, -8.1915, 10.5465
CI, 3.691, 4.814740823996, -6.2955, 9.434459176004
OI, 2.139, 3.303950179299, -7.9391, 11.036849820700999
CC(O)C=CC=CC=C=S, 2.68, 1.580898079683, -8.1714, 11.8514
Fc1ccccc1, 2.187, 4.647645964158, -6.5447, 8.346754035841998
P, 1.263, 5.959587621637, -5.4767, 5.042812378363
Cc1ccccc1F, 1.976, 4.559599522932, -6.3734, 8.052500477068
N=S, 1.389, 0.109527765622, -9.7311, 11.344027765622
P, 1.263, 5.95985786501, -5.4765, 5.042342134989999
N, 1.785, 12.228098542189, 1.7224, -7.902798542189
P=S, 2.143, 0.876742886652, -9.4113, 12.545442886652001
Fc1ccccc1, 2.187, 4.647677840151, -6.5446, 8.346622159849
C=CC=CC=C=S, 1.357, 1.613647148925, -8.1918, 10.5488
NCl, 1.694, 4.725917480574, -6.0757, 7.306482519426
C=CC=CC(C)=CC=CN, 3.655, 2.035887423269, -6.9669, 11.6219
C=O, 2.335, 3.620347115596, -7.9137, 10.891052884404
Brc1ccccc1, 3.566, 4.119348716424, -6.7789, 10.488251283576
Clc1ccccc1, 1.823, 4.353829891, -6.5172, 8.249070109
N#P, 1.895, 3.221396842598, -7.9779, 10.8729
Clc1ccccc1, 1.823, 4.353825874869, -6.5172, 8.249074125131
Brc1ccccc1, 3.566, 4.119370459552, -6.7788, 10.488129540448
C=CC=CC=C=O, 1.232, 2.580904179273, -7.3306, 9.5626
N#N, 0.0, 4.129588237358, -8.1534, 8.286511762642
SI, 2.808, 2.662274171004, -8.1639, 11.9719
CSC=CC=CC=C=S, 3.675, 1.328718473897, -8.1015, 12.776499999999999
FI, 0.886, 2.795067982862, -9.4188, 11.3048
Oc1ccccc1F, 1.091, 4.302481905247, -6.4899, 7.541118094752999
N=O, 1.78, 0.779555880292, -9.9993, 12.673255880292
N=O, 1.78, 0.779556455159, -9.9993, 12.673256455158999
FF, 0.0, 4.587545304057, -10.4751, 10.150254695943
C=CC=CC=C=O, 1.232, 2.581063794069, -7.3305, 9.5625
FBr, 0.517, 2.680273172371, -10.0096, 11.5266
CBr, 3.736, 5.274585757832, -5.8755, 8.599614242168
Ic1ccccc1, 3.682, 4.142570068178, -6.7381, 10.540229931822
C, 0.0, 17.372302709129, 4.6515, -17.761102709129
N, 1.785, 12.227626749152, 1.7222, -7.902126749152
C=CC=CC=C=PF, 3.574, 2.550119294483, -7.9451, 12.5191
PBr, 4.221, 4.37664987044, -7.1914, 11.298450129559999
N#N, 0.0, 4.129588237533, -8.1534, 8.286511762466999
S=CI, 1.766, 1.553373826204, -9.2793, 12.0453
N, 1.786, 12.228494451049, 1.7225, -7.902294451049
ClCc1ccccc1, 2.16, 4.513665378704, -6.5443, 8.453334621296
N#P, 1.895, 3.221396842539, -7.9779, 10.8729
SI, 2.808, 2.662421464749, -8.1637, 11.9717
O=S, 1.829, 2.09404e-07, -10.1309, 12.074300209404
Ic1ccccc1, 3.682, 4.142587406956, -6.7381, 10.540212593044
O=CBr, -10000, -10000, -10000, -10000
C=O, 2.335, 3.620343624833, -7.9137, 10.891056375167
FI, 0.886, 2.795067983329, -9.4188, 11.3048
Brc1ccccc1, 3.566, 4.119370235332, -6.7788, 10.488129764667999
S=C=CC=CC=CS, 0.304, 1.439504459965, -8.2373, 9.5413
O=S, 1.829, 4.745e-08, -10.1309, 12.07430004745
C=CC=CC=C=CF, 2.737, 2.849667076523, -7.5977, 11.3347
SI, 2.808, 2.66240920488, -8.1637, 11.9717
Ic1ccccc1, 3.682, 4.142574632042, -6.7381, 10.540225367958
P, 1.263, 5.959742216789, -5.4766, 5.042557783211
C=O, 2.335, 3.620361925076, -7.9137, 10.891038074924
O=C=CC=CC=P, 0.386, 1.940091879505, -7.8684, 9.2544
C=CC=CC=C=PP, 0.705, 2.45506506364, -7.5419, 9.2469
C=CC=CC=C=S, 1.356, 1.613783449155, -8.1916, 10.5476
C=CC=CC=C=CI, 3.87, 2.609565768468, -7.8333, 12.7033
C=CC=CC=C=NPc1ccccc1Br, 3.038, 2.202354855824, -7.4323, 11.4703
Pc1ccccc1Br, 3.032, 3.863509564723, -7.1862, 10.617390435277
SI, 2.808, 2.662291221684, -8.1638, 11.9718
O=P, 2.055, 2.172876360675, -8.8834, 11.9384
Ic1ccccc1, 3.682, 4.142584247698, -6.7381, 10.540215752302
S=CC=CC=CBr, 2.589, 0.665331691922, -9.2369, 12.605631691922
BrBr, 0.0, 2.588377880135, -9.4435, 10.4435
NP(Cl)c1ccccc1-c1ccccc1-c1ccccc1-c1ccccc1Br, 4.283, 3.559569137527, -6.9491, 11.935230862472999
O=O, 0.0, 3.03e-10, -12.0513, 12.165700000303
P=PBr, 2.661, 1.966149443978, -9.0029, 12.6639
Clc1ccccc1, 1.823, 4.35383833621, -6.5171, 8.24896166379
Fc1ccccc1, 2.187, 4.64767409651, -6.5446, 8.346625903489999
P=S, 2.145, 0.874979848026, -9.4124, 12.546779848026
C=PCl, 1.291, 3.132155204312, -7.7147, 10.0057
NPBr, 4.567, 4.443929490315, -6.7527, 11.138470509685
SCl, 1.469, 2.841735768817, -7.7987, 10.267700000000001
SCl, 1.469, 2.841735014106, -7.7987, 10.267700000000001
C=S, 2.206, 1.239363765164, -8.8659, 12.0719
C=CC=CC=C=PC#N, 4.031, 2.566656457428, -7.9056, 12.936599999999999
C=CC=CC=C=O, 1.232, 2.579831643066, -7.3319, 9.5639
O=Pc1ccccc1Br, 4.09, 2.010876568275, -8.8657, 13.9557
Ic1ccccc1, 3.682, 4.142569639776, -6.7381, 10.540230360224
FI, 0.886, 2.795067983025, -9.4188, 11.3048
Br, 2.556, 7.056715870347, -4.5869, 4.348884129652999
CN=C=CC=CC=CI, 6.541, 2.470901294381, -7.1929, 14.7339
O=C=CC=CC=Cc1ccccc1-c1ccccc1, 1.26, 2.353342125296, -7.3294, 9.5894
Clc1ccccc1SI, 4.879, 2.262170039224, -8.1178, 13.9968
Clc1ccccc1, 1.823, 4.353874817894, -6.5171, 8.248925182106
N#N, 0.0, 4.129588236686, -8.1534, 8.286511763314
C=CC=CC=C=O, 1.232, 2.580596032242, -7.3307, 9.5627
C=CC=CC=C=Pc1ccccc1N=O, 3.146, 1.188209384059, -8.5511, 12.697099999999999
SI, 2.808, 2.662410749479, -8.1637, 11.9717
OBr, 2.209, 3.298603363886, -8.2501, 11.423196636114
COCC=CC=C=CBr, 3.783, 3.309116623018, -7.4372, 12.173783376982
NCl, 1.694, 4.727028964543, -6.0731, 7.302771035457
Brc1cccc2ccccc12, 3.64, 3.006004032712, -7.5475, 12.1875
Brc1ccccc1, 3.566, 4.11935557392, -6.7789, 10.48824442608
Fc1ccccc1, 2.187, 4.647652681352, -6.5446, 8.346647318648
PBr, 4.225, 4.381057405922, -7.1873, 11.293942594077999
Cc1ccccc1C#N, 4.007, 3.867964785662, -7.3556, 11.757335214338
C=CC=CC=C=Nc1ccccc1Br, 3.973, 2.365129629636, -7.1675, 12.1405
Ic1ccccc1, 3.682, 4.142585742885, -6.7381, 10.540214257115
O=O, 0.0, 2.88e-10, -12.0513, 12.165700000288
Clc1ccccc1, 1.823, 4.353880768391, -6.5171, 8.248919231609
C=CC=CC=C=NBr, 3.654, 2.08217729098, -8.1978, 12.8518
C=CC=CC=C=O, 1.234, 2.581399945061, -7.3302, 9.5642
Brc1ccccc1-c1ccccc1, 3.354, 3.782183705774, -6.9071, 10.741616294225999
SC=CC=CC=C=CI, 3.2, 2.21306041506, -7.9103, 12.1103
Brc1ccccc1, 3.566, 4.119328924552, -6.7789, 10.488271075448
C#P, 0.972, 3.951326387841, -6.8674, 8.150773612159
N=O, 1.78, 0.779555271302, -9.9993, 12.673255271302
P#P, 0.0, 2.493155665817, -7.9878, 8.9878
FCc1ccccc1, 2.104, 4.729424904799, -6.287, 7.924275095201
NN=S, 4.134, 1.027792647402, -8.3668, 13.5008
Clc1ccccc1, 1.823, 4.353835092607, -6.5171, 8.248964907392999
C#N, 2.622, 5.9501475547, -6.2917, 7.226252445299999
Sc1ccccc1Oc1ccccc1-c1ccccc1Br, 2.409, 3.096783413295, -6.9805, 10.3895
N#P, 1.895, 3.221396845491, -7.9779, 10.8729
NC=CC=CC=O, 7.423, 2.45172749562, -7.4911, 15.914100000000001
OCF, 1.927, 13.474236327495, 1.1577, -8.442236327495001
Ic1ccccc1-c1ccccc1-c1ccccc1, 3.594, 3.74796850666, -6.854, 10.96273149334
P=CBr, 1.309, 2.739378843175, -8.1564, 10.465399999999999
CF, 2.257, 14.291457931528, 1.8142, -9.585957931528002
O=C=CC=CC=CP, 1.441, 2.484302672905, -7.4526, 9.8936
SBr, 2.964, 2.651652101928, -8.2898, 12.2538
NO, 0.667, 8.834446578849, -1.9427, -1.962046578849001
Fc1ccccc1Br, 4.467, 3.919132351568, -7.1967, 12.007267648431998
Nc1ccccc1-c1ccccc1F, 2.777, 3.123308310782, -6.6509, 10.427900000000001
O=S, 1.829, 8.224e-08, -10.1309, 12.07430008224
OI, 2.139, 3.30398019284, -7.939, 11.036719807159999
FP, 2.061, 5.628874669337, -5.9813, 6.676125330663
OBr, 2.209, 3.298786047516, -8.2499, 11.422813952484
O=P, 2.056, 2.172753661487, -8.8837, 11.939699999999998
O=O, 0.0, 1.7e-11, -12.0513, 12.165700000016999
Ic1ccccc1, 3.682, 4.142567090342, -6.7381, 10.540232909658
S=C=CC=CC=COSP=Nc1ccccc1, 1.423, 1.456224668513, -8.2671, 10.6901
N#P, 1.895, 3.221396842558, -7.9779, 10.8729
I, 2.477, 6.431506012558, -5.1037, 5.411893987441999
Cl, 1.051, 9.166710323508, -2.8332, -1.0198103235079992
PI, 4.048, 4.138835997763, -7.2368, 11.408664002237
NCI, 3.905, 4.187835628385, -6.5061, 10.485964371615
C=CC=CC=C=PCc1ccccc1Br, 2.857, 2.494132977435, -7.5837, 11.4407
Clc1ccccc1, 1.823, 4.353760109495, -6.5172, 8.249139890504999
C#CCl, 0.209, 6.437702028391, -4.7305, 2.7644979716090003
C=CC=CC=C=Pc1ccccc1I, 4.01, 2.544514307845, -7.5135, 12.523499999999999
C=CC=CC=C(C=CC=C=O)c1ccccc1Cl, 1.657, 1.946717116304, -7.6769, 10.3339
P=S, 2.143, 0.876426803124, -9.4115, 12.545326803124
N=CC=CC=CC=C=S, 1.83, 1.591333953697, -8.4532, 11.2832
O=S, 1.829, 1.8839e-08, -10.1309, 12.074300018839
NC=CC=CC=C=S, 5.479, 1.268131597796, -7.729, 14.208
C=CC=CC=C=S, 1.357, 1.613320135981, -8.1919, 10.5489
I, 2.477, 6.431506012608, -5.1037, 5.411893987392
OF, 2.383, 6.831190525852, -6.3112, 6.1257094741480005
Brc1ccccc1-c1ccccc1, 3.353, 3.777637240116, -6.9104, 10.748462759884
CC(I)=CC=CC=Cc1ccccc1, 3.447, 2.189807976527, -7.7478, 12.1948
Clc1ccccc1, 1.823, 4.353877461687, -6.5171, 8.248922538313
Clc1ccccc1-c1ccccc1, 1.622, 3.842669051178, -6.7747, 8.816730948822
SBr, 2.964, 2.651652516983, -8.2898, 12.2538
c1ccccc1, 0.0, 4.932054999343, -6.0204, 5.351045000657
P=S, 2.141, 0.877246683411, -9.411, 12.543646683411
S, 1.967, 5.21667179636, -5.4563, 6.46932820364
N#N, 0.0, 4.129588237579, -8.1534, 8.286511762421
O=C=CC=PCl, 0.42, 2.345768827185, -7.8344, 9.2544
NI, 2.798, 3.521156409523, -7.1785, 10.718043590476999
ClCl, 0.0, 3.369772696738, -8.6238, 9.516727303261998
OCl, 1.567, 4.446580141099, -7.2591, 8.642219858900999
Clc1ccccc1, 1.823, 4.353799881584, -6.5172, 8.249100118415999
CBr, 3.736, 5.274403917967, -5.8757, 8.599996082033
C#P, 0.972, 3.951325142254, -6.8674, 8.150774857746
C=CC=CC=C1CP1Br, 5.286, 2.592180642428, -7.9819, 14.267900000000001
SCl, 1.469, 2.841735170143, -7.7987, 10.267700000000001
C=CC=CC=C=S, 1.356, 1.614069373334, -8.1911, 10.5471
CI, 3.69, 4.814747936341, -6.2962, 9.434152063658999
C=CC=CC=C=S, 1.356, 1.613829780938, -8.1915, 10.5475
C=CC=CC=C=CBr, 3.889, 2.694361299775, -7.8039, 12.692899999999998
C#CC=CC=Cc1cccc(SI)c1C=CC=Cc1ccccc1-c1ccccc1, 4.872, 2.143584089229, -7.8866, 13.7586
Clc1ccccc1, 1.823, 4.353842431256, -6.5171, 8.248957568744
Br, 2.556, 7.056715870391, -4.5869, 4.348884129609
S=S, 0.0, 2.8466e-08, -10.2514, 10.365800028466
F, 2.535, 16.506614077342, 3.1008, -12.809714077342
c1ccccc1, 0.001, 4.932101433406, -6.0203, 5.3518985665939995
PC=CC=C=PI, 4.116, 2.557480730509, -8.1862, 13.3022
F, 2.535, 16.50661407963, 3.1008, -12.809714079630002
Cl, 1.051, 9.166710323849, -2.8332, -1.0198103238489993
CC(C=CC=CBr)=CC=Cc1ccccc1-c1ccccc1N, 4.632, 1.803073480809, -7.9052, 13.537199999999999
SCl, 1.469, 2.841735678971, -7.7987, 10.267700000000001
Ic1ccccc1, 3.682, 4.142574637434, -6.7381, 10.540225362566
Clc1ccccc1, 1.823, 4.353794815785, -6.5172, 8.249105184214999
C=CC=CC=C=S, 1.356, 1.613939017839, -8.1914, 10.5474
Brc1ccccc1, 3.566, 4.119384943598, -6.7788, 10.488115056402
FP, 2.06, 5.629038352803, -5.9811, 6.674761647197
Oc1ccccc1, 1.513, 4.351843352678, -6.0764, 7.500256647321999
FS, 1.942, 2.968603785482, -7.8041, 10.7461
Cc1ccccc1Br, 3.293, 4.120847130153, -6.6334, 10.068252869847
P, 1.263, 5.959362083448, -5.4773, 5.043637916551999
P#P, 0.0, 2.493155673484, -7.9878, 8.9878
PI, 4.048, 4.138828194105, -7.2368, 11.408671805895
BrSc1ccccc1, 3.989, 2.464610007981, -7.9439, 12.9329
S=NCBr, 2.846, 0.264420490903, -9.9035, 13.128320490903
Clc1ccccc1, 1.821, 4.354164178499, -6.516, 8.245535821500999
NCl, 1.694, 4.725802746808, -6.0758, 7.306697253192
SI, 2.808, 2.662335322337, -8.1638, 11.9718
OCC=CC=C1C=CC=CC1, 2.39, 2.117066703143, -7.364, 10.754
C=CC=CC=C=S, 1.358, 1.613501268061, -8.1921, 10.5501
Cl, 1.051, 9.166710323957, -2.8332, -1.019810323957
Ic1ccccc1C#CC=COSc1ccccc1, 2.9, 2.587629841066, -7.3637, 11.2637
C=C(C=CC=CS)CCl, 2.712, 2.41651688415, -7.5828, 11.2948
N=O, 1.78, 0.779552930435, -9.9993, 12.673252930435
C=CC=CC=C=NCl, 1.97, 2.392141119849, -7.7013, 10.671299999999999
Clc1ccccc1, 1.823, 4.353810767056, -6.5172, 8.249089232944
BrBr, 0.0, 2.588377877875, -9.4435, 10.4435
C=C=Cc1ccccc1, 0.498, 3.593317988012, -6.5456, 7.712982011988
S=C=CC=CC=Cc1ccccc1, 1.31, 1.459892479588, -8.2011, 10.5111
Ic1ccccc1C=CC=CC=C=CC=CC=COc1ccccc1, 3.94, 1.886069238894, -7.7638, 12.7038
C=Nc1ccccc1-c1ccccc1F, 1.526, 2.868593947924, -7.2201, 9.7461
CC=CC=CC=C=O, 1.915, 2.486445909599, -7.2071, 10.1221
FI, 0.886, 2.795067983056, -9.4188, 11.3048
c1ccccc1, 0.001, 4.932012655796, -6.0204, 5.3520873442040005
C#P, 0.972, 3.951301957889, -6.8674, 8.150798042111
Fc1ccccc1-c1ccccc1Cl, 1.676, 3.781825048893, -7.0033, 9.160174951106999
O=P, 2.055, 2.172742679664, -8.8837, 11.938699999999999
Fc1ccccc1, 2.187, 4.6476706011, -6.5446, 8.3466293989
S=PBr, 2.592, 1.289539561736, -9.889, 13.481
FC=C=CC=CC=Cc1ccccc1, 3.071, 2.300333364543, -7.8029, 11.873899999999999
Clc1ccccc1, 1.823, 4.353791196693, -6.5172, 8.249108803307
SI, 2.808, 2.662350278405, -8.1638, 11.9718
Nc1ccccc1Cl, 1.995, 3.773689293092, -6.1817, 8.665710706908
Br, 2.556, 7.05671587037, -4.5869, 4.34888412963
N=O, 1.78, 0.779552837724, -9.9993, 12.673252837724
Nc1ccccc1-c1ccccc1N=CCl, 1.358, 2.217739884075, -7.4579, 9.815900000000001
S=C=S, 0.0, 3.23674335774, -8.1835, 9.1835
CI, 3.69, 4.814422081487, -6.2961, 9.434377918513
O=S, 1.829, 1.01293e-07, -10.1309, 12.074300101293
OI, 2.139, 3.304015569412, -7.939, 11.036684430588
CNI, 3.072, 3.216392611137, -7.2392, 11.3112
C=CC=CC=C=S, 1.355, 1.613368617208, -8.1917, 10.546700000000001
SCl, 1.469, 2.841736944783, -7.7987, 10.267700000000001
S=Cc1ccccc1Br, 4.295, 0.95969603117, -9.0477, 14.3427
CPBr, 4.785, 4.390464117036, -6.8368, 11.494035882963999
CI, 3.691, 4.814541635558, -6.2958, 9.434958364442
FI, 0.886, 2.795067982992, -9.4188, 11.3048
Nc1ccccc1, 1.95, 3.965110156211, -5.713, 7.960589843789
OBr, 2.209, 3.298524382649, -8.2503, 11.423475617350999
BrNSc1ccccc1, 2.415, 2.088586876178, -8.3075, 11.7225
N=PCl, 0.895, 2.870860726683, -8.2841, 10.1791
PCl, 1.285, 4.991419760539, -6.2984, 6.854680239461
O=P, 2.056, 2.172759385153, -8.8837, 11.939699999999998
C=CC=CC=C=Nc1ccccc1F, 2.701, 2.385923052779, -7.0476, 10.7486
N=S, 1.389, 0.109527683772, -9.7311, 11.344027683772
C=CC=CC=C=S, 1.357, 1.613705314901, -8.1918, 10.5488
N#P, 1.895, 3.221396845318, -7.9779, 10.8729
C=CC=CC=C=O, 1.231, 2.580230467023, -7.3309, 9.5619
N#P, 1.895, 3.221396845185, -7.9779, 10.8729
Clc1ccccc1, 1.823, 4.353874895475, -6.5171, 8.248925104525
C=CC=CC=C=S, 1.357, 1.613485140193, -8.192, 10.549
NF, 2.597, 7.69042767635, -3.6991, 2.86837232365
FP, 2.06, 5.629054894426, -5.981, 6.674645105573999
OC=CC=CC=C=PI, 6.548, 2.254272591207, -8.0283, 15.5763
FC=CC=CC=C=NCl, 2.113, 2.327056605788, -7.934, 11.047
Pc1ccccc1C=CC=CC=C=S, 2.461, 1.494264858166, -8.2341, 11.6951
P=NI, 2.294, 2.095659664636, -8.6369, 11.930900000000001
Fc1ccccc1-c1ccccc1-c1ccccc1, 1.975, 3.622908157385, -6.8473, 9.462091842615
CC(C=CC=CBr)=CC=CC=CN, 7.448, 1.670006015624, -7.586, 16.034
CC(C=CC=CSF)=CC=CC=CS, 2.846, 1.654778068813, -7.8272, 11.673200000000001
CBr, 3.736, 5.274963533955, -5.8752, 8.598936466045
C=CC=CC=C=O, 1.234, 2.580983717136, -7.3308, 9.5648
C=CC=CC=C=S, 1.356, 1.613764312185, -8.1917, 10.5477
C=CC=CC=C=S, 1.357, 1.613895584911, -8.1915, 10.5485
N=S, 1.389, 0.109527634877, -9.7311, 11.344027634877
Brc1ccccc1, 3.566, 4.119368327001, -6.7788, 10.488131672999
P#P, 0.0, 2.493155669506, -7.9878, 8.9878
N=O, 1.78, 0.779555380654, -9.9993, 12.673255380654
CF, 2.257, 14.290926643767, 1.8136, -9.584826643766998
O=O, 0.0, 3.19e-10, -12.0513, 12.165700000319
C=CC=CC=C=O, 1.23, 2.581542340511, -7.3293, 9.5593
PCSc1ccccn1, 2.92, 2.805033727469, -7.3761, 11.2961
C=CC=CC=C=O, 1.233, 2.580841056685, -7.3307, 9.5637
c1ccccc1, 0.0, 4.932106585757, -6.0203, 5.350893414242999
ClSOc1ccccc1, 1.855, 2.772662218541, -7.4128, 10.2678
Ic1ccccc1, 3.682, 4.142572000969, -6.7381, 10.540227999031
NF, 2.597, 7.690446376798, -3.699, 2.868253623202
C=CC=CC=C=CCl, 1.974, 2.737291308528, -7.5837, 10.5577
C=CC=CC=C=O, 1.233, 2.580725728107, -7.3308, 9.5638
C1=C(c2ccccc2)c2c[nH]c(c2)C1, 2.252, 1.21977000215, -7.408, 10.66
FP, 2.061, 5.628877342644, -5.9813, 6.676122657355999
c1ccccc1, 0.0, 4.932099179155, -6.0204, 5.351000820845
Brc1ccccc1, 3.566, 4.119382586833, -6.7788, 10.488117413167
O=CS, 1.026, 3.868189936801, -7.7881, 9.208610063199
BrN=C=CC=Cc1ccccc1, 3.903, 2.059146438827, -8.1672, 13.0702
C=CC=CC=C=PSF, 3.803, 2.224942401523, -7.96, 12.763
PCI, 2.297, 4.003186460628, -7.1141, 9.670613539371999
BrBr, 0.0, 2.588377880279, -9.4435, 10.4435
Sc1ccccc1C=CC=CC=C=PBr, 6.335, 1.90814976609, -8.2902, 15.6252
Fc1ccccc1-c1ccccc1-c1ccccc1, 1.974, 3.625356734664, -6.8457, 9.457043265336
O=CSCl, 1.152, 3.344370421149, -7.9931, 10.063429578851
FF, 0.0, 4.587545304045, -10.4751, 10.150254695954999
Fc1ccccc1, 2.187, 4.647651019211, -6.5446, 8.346648980789
C=CC=CC=C=S, 1.354, 1.613459421447, -8.1914, 10.5454
NF, 2.597, 7.690333635686, -3.6992, 2.868566364314
CBr, 3.736, 5.274434449344, -5.8757, 8.599965550656
Fc1ccccc1, 2.187, 4.647644451819, -6.5446, 8.346655548181
Pc1ccccc1-c1ccccc1PBr, 4.14, 3.238595683085, -7.5104, 12.6504
PI, 4.048, 4.138838348171, -7.2368, 11.408661651829
C=CC=CC=C=S, 1.356, 1.613484368003, -8.1917, 10.5477
Brc1ccccc1, 3.566, 4.119370381471, -6.7788, 10.488129618529001
CCl, 2.04, 7.013030485257, -4.282, 3.571669514743
Brc1ccco1, 3.403, 4.36406332455, -6.5753, 9.87693667545
O=C=CC=CC1=C=CC=CC=C1, 2.293, 2.15487365127, -7.2036, 10.4966
CF, 2.257, 14.291207101263, 1.8139, -9.585407101263
NCl, 1.694, 4.7270718689, -6.073, 7.3026281311
OF, 2.383, 6.831154855784, -6.3112, 6.125745144216
c1ccc(-c2ccccc2)cc1, 0.0, 3.858698858498, -6.6044, 7.0084011415019996
S=POCl, 1.119, 1.741916838208, -9.021, 11.14
OOSSI, -10000, -10000, -10000, -10000
C=CC=CC=C(C)C=CC=C=S, 0.889, 1.328440089624, -8.1696, 10.0586
INc1ccccc1, 2.411, 2.631414121529, -7.567, 10.978
Brc1ccccc1, 3.566, 4.119366858712, -6.7788, 10.488133141288
Oc1ccccc1, 1.513, 4.351819913018, -6.0765, 7.500380086982
N=O, 1.78, 0.779554072199, -9.9993, 12.673254072199
N#P, 1.895, 3.221396842965, -7.9779, 10.8729
C=CC=CC=C(C)C=CC=C=O, 0.529, 2.004075751673, -7.4984, 9.0274
C#N, 2.622, 5.950147071645, -6.2917, 7.226252928355
c1ccccc1, 0.0, 4.932096043841, -6.0203, 5.350903956159
PBr, 4.225, 4.381047061468, -7.1873, 11.293952938531998
C=CC=CC=C=S, 1.356, 1.613573985634, -8.1915, 10.5475
CI, 3.69, 4.814418253132, -6.2961, 9.434381746868
ClCl, 0.0, 3.369772696112, -8.6238, 9.516727303887999
Br, 2.556, 7.056715870368, -4.5869, 4.348884129631999
FP, 2.061, 5.628610028404, -5.9817, 6.6767899715959995
Cl, 1.051, 9.166710323727, -2.8332, -1.019810323726999
FC=CC=CC=Cc1ccccc1, 2.507, 2.28358343858, -7.7718, 11.2788
ClCBr, 3.244, 4.822612777081, -6.8402, 9.524287222919
OF, 2.383, 6.831369912966, -6.3109, 6.125230087034
S=Cc1ccccc1-c1ccccc1, 4.172, 1.046239708243, -8.5591, 13.731100000000001
N#CCl, 3.234, 6.288592108283, -6.4196, 7.627707891717
Clc1ccccc1, 1.823, 4.353853192184, -6.5171, 8.248946807815999
Ic1ccccc1-c1ccccc1, 3.525, 4.096948019238, -6.6581, 10.348851980762
c1ccccc1, 0.001, 4.932041942932, -6.0204, 5.3520580570680005
S=C=CC=CC=Cc1ccccc1, 1.309, 1.459759923139, -8.2011, 10.510100000000001
O, 2.218, 14.400080729505, 2.2527, -10.172080729505002
O=O, 0.0, 3.36e-10, -12.0513, 12.165700000335999
C=CC=CC=C=C(Cl)Cl, 2.845, 2.684704249848, -7.9372, 11.7822
NBr, 2.822, 3.656466912458, -7.1967, 10.624933087542
C=O, 2.335, 3.620186541638, -7.914, 10.891513458361999
S=NOP=C=CC=CC=CBr, 3.116, 0.673074182162, -9.4211, 13.324574182162
S=C=CC=CCc1ccccc1-c1ccccc1, 1.927, 1.718553020162, -8.0443, 10.9713
C=CC=CC=C=POI, 3.128, 1.6987156137, -8.6176, 12.7456
C, 0.0, 17.372311012504, 4.6515, -17.761111012504003
P#P, 0.0, 2.493155671893, -7.9878, 8.9878
O=S, 1.829, 7.2703e-08, -10.1309, 12.074300072703
S, 1.967, 5.216674583493, -5.4563, 6.469325416506999
C=S, 2.206, 1.239637034211, -8.8655, 12.0715
FSBr, 2.533, 2.545911512763, -8.3813, 11.914299999999999
Nc1ccccc1F, 2.245, 3.890763583704, -6.0953, 8.712236416296
C=CC=CC=C=S, 1.356, 1.613619022303, -8.1917, 10.5477
NI, 2.798, 3.520886522831, -7.1788, 10.718613477169
Clc1ccccc1-c1ccccc1-c1ccccc1, 1.655, 3.699180335652, -6.7787, 8.997219664347998
N#N, 0.0, 4.129588236904, -8.1534, 8.286511763096
CBr, 3.735, 5.274474633187, -5.8757, 8.598925366812999
P=S, 2.142, 0.877093732757, -9.411, 12.544493732757
C=CC=CC=C=N, 1.79, 2.696307805722, -6.8286, 9.6186
[H][H], 0.0, 16.130497598972, 3.4812, -15.348997598972
P, 1.263, 5.960632681838, -5.4761, 5.041167318162
FP, 2.061, 5.628867657157, -5.9812, 6.6760323428429995
SCl, 1.469, 2.841732366156, -7.7987, 10.267700000000001
NF, 2.597, 7.690287278457, -3.6992, 2.8686127215429993
C#CC=CCC(=CC=CC=Cc1ccccc1)c1ccccc1Pc1ccccc1Cl, 2.896, 2.020898288119, -7.5908, 11.486799999999999
C=O, 2.335, 3.620343084966, -7.9137, 10.891056915034
Ic1ccccc1, 3.682, 4.142580579474, -6.7381, 10.540219420526
Fc1ccccc1, 2.187, 4.647662078458, -6.5446, 8.346637921542
CBr, 3.736, 5.274547962304, -5.8756, 8.599752037696
C=CC=CC=Cc1ccccc1F, 1.631, 2.299613754052, -7.6708, 10.3018
Fc1ccccc1P, 2.054, 4.005198799934, -6.9435, 9.255001200066
Brc1ccccc1, 3.566, 4.119361834477, -6.7788, 10.488138165523
NSN, 2.195, 4.225520972737, -5.3861, 7.618279027263
c1ccccc1, 0.001, 4.932089042636, -6.0204, 5.3520109573640005
P#P, 0.0, 2.493155673484, -7.9878, 8.9878
N#N, 0.0, 4.129588237404, -8.1534, 8.286511762596
c1ccccc1, 0.001, 4.93203591029, -6.0204, 5.352064089710001
N, 1.785, 12.227793518212, 1.7222, -7.902293518212
Sc1ccccc1I, 2.885, 3.515374186842, -6.9414, 10.573725813158
FI, 0.886, 2.795067983232, -9.4188, 11.3048
SBr, 2.964, 2.651652456389, -8.2898, 12.2538
O=C=CC=CO, 0.831, 2.634913638266, -7.1951, 9.0261
O=C=CC=CC=Cc1ccccc1, 1.144, 2.352628434358, -7.361, 9.504999999999999
Brc1ccccc1I, 5.08, 3.78472684711, -7.2978, 12.855773152889999
PI, 4.048, 4.138820969962, -7.2368, 11.408679030037998
S=S, 0.0, 4.8331e-08, -10.2514, 10.365800048331
OF, 2.383, 6.831289727807, -6.311, 6.125410272192999
BrI, 0.041, 2.734970257992, -9.0395, 10.0805
Oc1ccccc1P, 3.202, 4.04510057528, -6.4977, 9.91729942472
Brc1ccccc1Br, 5.028, 3.755734691954, -7.331, 12.865965308046
c1ccc(Sc2ccccc2-c2ccccc2-c2ccccc2)cc1, 1.475, 3.028712089946, -6.6767, 9.1517
O=P, 2.055, 2.172822478717, -8.8835, 11.9385
ClC1=CC=CCPC1, 1.442, 3.205740356873, -6.9936, 9.4356
S, 1.967, 5.216664012933, -5.4563, 6.469335987067
O=S, 1.829, 2.42707e-07, -10.1309, 12.074300242707
C1=CCSCC(c2ccccc2)=C1, 2.331, 2.400786553823, -7.2198, 10.5508
O, 2.218, 14.40013669881, 2.2528, -10.17223669881
O=C=CC=CC=Cc1ccccc1, 1.144, 2.352652146225, -7.3609, 9.5049
FF, 0.0, 4.587545304053, -10.4751, 10.150254695946998
CC#N, 3.853, 6.1105467397, -5.5001, 7.5052532603
C=CC=CC=C=C=S, 5.078, 0.657010852868, -8.925, 14.774410852868002
O=S, 1.829, 5.5112e-08, -10.1309, 12.074300055112001
P=S, 2.144, 0.875194628797, -9.4122, 12.545794628797001
SCl, 1.469, 2.841736130193, -7.7987, 10.267700000000001
N=S, 1.389, 0.109527899021, -9.7311, 11.344027899021
Br, 2.556, 7.056715870346, -4.5869, 4.3488841296539995
F, 2.535, 16.506614077298, 3.1008, -12.809714077298
Brc1ccccc1, 3.566, 4.119364314779, -6.7788, 10.488135685221
O=P, 2.052, 2.172925773395, -8.8834, 11.9354
S=S, 0.0, 1.3704e-08, -10.2514, 10.365800013704
c1ccccc1, 0.001, 4.932040336802, -6.0204, 5.352059663198
FBr, 0.517, 2.680273172388, -10.0096, 11.5266
Nc1cccc2c(-c3ccccc3Cl)cccc12, 3.077, 2.674560517257, -6.8584, 10.9354
C=CC=CC=C=S, 1.356, 1.613745471099, -8.1916, 10.5476
N=NI, -10000, -10000, -10000, -10000
PC(I)=CC=CC=Cc1ccccc1, 3.267, 2.07448787827, -8.1251, 12.3921
FC1=CC=CCN(Br)C1, 4.117, 2.946927068997, -7.4567, 12.573699999999999
O=P, 2.053, 2.173636494914, -8.882, 11.934999999999999
FN=S, 2.262, 0.880499176116, -10.3758, 13.632699176115999
FS, 1.942, 2.968597673237, -7.8041, 10.7461
S=C=CC=CC=CCl, 1.604, 1.589799475738, -8.3681, 10.972100000000001
SNc1ccccc1I, 2.829, 3.716647770963, -6.7719, 10.146952229037
ClBr, 3.815, 3.041200917803, -8.8602, 13.6752
NF, 2.597, 7.690306085264, -3.6992, 2.8685939147359996
Ic1ccccc1, 3.682, 4.142576069852, -6.7381, 10.540223930148
FNc1ccccc1F, 1.806, 4.014070957188, -6.6697, 8.724329042811998
Brc1ccccc1, 3.566, 4.119361947742, -6.7788, 10.488138052258
CCl, 2.04, 7.013513757861, -4.2815, 3.5706862421389998
N=O, 1.78, 0.779554372946, -9.9993, 12.673254372946
O=C=CCc1ccccc1-c1ccccc1-c1ccccc1O, 2.536, 3.143105217792, -7.0874, 10.6234
CF, 2.257, 14.290974807819, 1.8137, -9.584974807819
C, 0.0, 17.372317092342, 4.6516, -17.761217092342
C=CC=CC=C=O, 1.231, 2.580254926999, -7.3311, 9.562100000000001
Cl, 1.051, 9.166710324464, -2.8332, -1.0198103244640007
N=S, 1.389, 0.109527225915, -9.7311, 11.344027225915
S=CC=CC=Cc1ccccc1C=CC=CC=C=Cc1ccccc1, 7.458, 0.674722426659, -8.7028, 16.949922426659
S, 1.967, 5.216677679478, -5.4563, 6.469322320522
C=CC=CC=C=S, 1.356, 1.613541168587, -8.1918, 10.5478
O=NP=CC=CC=CCPBr, 4.232, 0.420278766148, -9.3686, 14.135278766148001
Nc1cccc2c(I)cccc12, 5.941, 2.699447455748, -7.173, 14.114
I, 2.477, 6.43150601256, -5.1037, 5.411893987439999
FP, 2.061, 5.62885611362, -5.9813, 6.676143886379999
Ic1ccccc1, 3.682, 4.142578178028, -6.7381, 10.540221821972
CSC=CC=Cc1ccc2cc1CC=C2C=CC=C=O, 4.261, 2.205573503707, -7.3025, 12.563500000000001
OOI, 2.076, 2.955340685715, -8.5954, 11.6714
Fc1ccccc1-c1ccccc1, 1.926, 3.784002627271, -6.8781, 9.282797372729
N#P, 1.895, 3.221396845518, -7.9779, 10.8729
C=CC=CC=C(CC=CC=C)CC=CC=CI, 4.329, 2.605429431602, -7.3895, 12.718499999999999
Nc1ccccc1POBr, 4.341, 1.116848790047, -9.2585, 14.599499999999999
Brc1ccccc1I, 5.08, 3.784730599291, -7.2978, 12.855769400709
PNCl, 1.047, 4.12901822206, -6.5416, 7.722281777939999
C=CC=CC=C=O, 1.228, 2.580275187936, -7.3307, 9.5587
Cl, 1.051, 9.166710323476, -2.8332, -1.0198103234759999
P, 1.263, 5.959632618036, -5.4767, 5.0427673819639995
Oc1ccccc1-c1ccccc1-c1ccccc1F, 3.392, 3.552948702051, -6.7254, 10.827151297948998
BrI, 0.041, 2.734970258165, -9.0395, 10.0805
ClNc1ccccc1, 1.136, 3.548085304741, -6.5604, 8.411014695258999
I, 2.477, 6.431506024413, -5.1037, 5.411893975586999
NC=CCl, 3.421, 4.434798254999, -5.4694, 8.718301745001
Fc1ccccc1, 2.187, 4.647689962699, -6.5446, 8.346610037301
OS, 1.955, 3.68367356842, -6.6169, 9.15092643158
OBr, 2.209, 3.298653257759, -8.2501, 11.423146742240998
BrI, 0.041, 2.734970257886, -9.0395, 10.0805
C=CC=CC=C=S, 1.356, 1.61408691438, -8.1911, 10.5471
PI, 4.048, 4.138500901437, -7.2371, 11.409299098563
OBr, 2.209, 3.298841777716, -8.2498, 11.422658222284
C#CC=CC=CSOOC(=CC=CC=C)N=C, -10000, -10000, -10000, -10000
P#P, 0.0, 2.493155676667, -7.9878, 8.9878
ClCl, 0.0, 3.369772696608, -8.6238, 9.516727303391999
C=CC=CC=C=O, 1.229, 2.581019362857, -7.33, 9.559000000000001
Ic1ccccc1, 3.682, 4.142540158157, -6.7381, 10.540259841843
I, 2.477, 6.43150600621, -5.1037, 5.411893993789999
C=CC=CC=C=CC=CC=C=O, 1.392, 2.499372656762, -7.2982, 9.690199999999999
PI, 4.048, 4.138683413918, -7.237, 11.409016586082
NNI, 3.319, 2.820822084044, -7.631, 11.95
Sc1ccccc1, 1.811, 3.789900105457, -6.3492, 8.632999894543
NSI, 4.253, 2.659503217479, -7.6638, 12.9168
C=CC=CC=C=O, 1.232, 2.580113549826, -7.3314, 9.563400000000001
Ic1ccccc1, 3.682, 4.142576299902, -6.7381, 10.540223700098
ClSBr, 4.302, 2.575388664731, -8.2749, 13.5769
OSI, 3.543, 2.627845918806, -7.8173, 12.3603
P#P, 0.0, 2.493155670302, -7.9878, 8.9878
Oc1ccccc1, 1.513, 4.351836621075, -6.0765, 7.500363378925
Fc1ccccc1, 2.187, 4.647685671587, -6.5446, 8.346614328412999
Clc1ccccc1, 1.823, 4.353888738179, -6.5171, 8.248911261821
FPF, 2.23, 5.754722995761, -6.227, 6.964977004239
N, 1.785, 12.22816129857, 1.7223, -7.902761298570001
C=CC=CC=C=O, 1.233, 2.580857793458, -7.3308, 9.5638
O=O, 0.0, 3.21e-10, -12.0513, 12.165700000321
Ic1ccccc1-c1ccccc1-c1ccccc1, 3.594, 3.747800006302, -6.8542, 10.963099993697998
O=S, 1.829, 1.29366e-07, -10.1309, 12.074300129366
C=CC=CC=C=Pc1ccccc1Br, 3.259, 2.551972689991, -7.575, 11.834
Clc1ccccc1, 1.823, 4.353816696298, -6.5172, 8.249083303702
P, 1.262, 5.960348427847, -5.4765, 5.040851572152999
C=CC=CC=C=S, 1.356, 1.613924645234, -8.1914, 10.5474
C=NC=CC=CC=C=C=S, 5.541, 0.530342437067, -9.1018, 15.287542437067001
N=O, 1.78, 0.779552061949, -9.9993, 12.673252061949
C=CC=CC=C=O, 1.233, 2.581088616705, -7.3306, 9.5636
N#P, 1.895, 3.221396842984, -7.9779, 10.8729
Fc1ccccc1-c1ccccc1, 1.926, 3.784117909136, -6.8781, 9.282682090864
S=CC=CC=C=NI, 3.168, 0.570593012712, -9.1216, 12.974593012712
F, 2.535, 16.50661407736, 3.1008, -12.809714077359999
N, 1.785, 12.228082124887, 1.7223, -7.902682124887001
FN=C=CC=Cc1ccccc1, 4.161, 2.494820262978, -7.891, 13.052
OCl, 1.567, 4.446637394084, -7.259, 8.642062605916
FP, 2.06, 5.628979942204, -5.9812, 6.674920057795999
C=CC=CC=C=S, 1.357, 1.61373334957, -8.1918, 10.5488
C=O, 2.335, 3.62025480277, -7.9139, 10.891345197229999
NSCC=CC=CI, 3.362, 2.573338040497, -7.4179, 11.779900000000001
Clc1ccccc1, 1.823, 4.353814463593, -6.5172, 8.249085536407
C=CC=CC=C=O, 1.23, 2.581166866109, -7.33, 9.56
C=CC=CC=C=CC=C=O, 1.69, 2.61551386242, -7.3995, 10.0895
PCCl, 0.555, 5.164001144131, -5.9131, 5.566798855868999
Fc1ccccc1, 2.187, 4.647673150304, -6.5446, 8.346626849696
N=CBr, 3.711, 3.708672255054, -7.7308, 11.995827744946
FP, 2.061, 5.628732346496, -5.9815, 6.676467653503999
C=O, 2.335, 3.620232590724, -7.9139, 10.891367409276
Brc1cccc2c1C=CC=C=C=CC=CC=C2, 3.378, 1.708507489242, -8.0117, 12.3897
ClBr, 3.815, 3.041200918269, -8.8602, 13.6752
Pc1ccccc1, 1.367, 4.122683443061, -6.4398, 7.946816556939
c1ccccc1, 0.0, 4.932006484959, -6.0204, 5.351093515041
NF, 2.597, 7.690339953413, -3.6992, 2.8685600465869996
C=CC=CCCl, 2.061, 3.688894939913, -6.9037, 9.538505060087
c1ccccc1, 0.0, 4.93199892982, -6.0204, 5.35110107018
Brc1ccccc1, 3.566, 4.11937072848, -6.7788, 10.48812927152
SCl, 1.469, 2.841734456686, -7.7987, 10.267700000000001
C=NSC=CC=Cc1ccccc1SCl, 2.187, 2.265177417661, -7.5892, 10.7762
Clc1ccccc1, 1.823, 4.353836296085, -6.5171, 8.248963703914999
C=CC=CC=C=PF, 3.574, 2.54948909597, -7.9463, 12.520299999999999
O=O, 0.0, 3.3e-10, -12.0513, 12.16570000033
N=S, 1.389, 0.109528266486, -9.7311, 11.344028266486
Cc1ccccc1, 0.536, 4.709987039199, -5.8991, 5.987812960801
Cc1ccccc1Br, 3.293, 4.121123904613, -6.6333, 10.067876095387
C=CC=CC=C=S, 1.357, 1.61346211584, -8.192, 10.549
C=CC=CC=C=S, 1.356, 1.613868676891, -8.1915, 10.5475
CP(C=CC=Cc1ccccc1)SC=N, 2.571, 2.335547498895, -7.7526, 11.3236
ClOCl, 0.784, 3.2256325878, -8.6306, 10.4146
Fc1ccccc1, 2.187, 4.647671565551, -6.5446, 8.346628434449
F, 2.535, 16.50661407733, 3.1008, -12.80971407733
CSBr, 3.951, 2.547870827904, -7.9092, 12.8602
BrI, 0.041, 2.734970258024, -9.0395, 10.0805
C=CC=CC=C=CCl, 2.1, 2.788129798817, -7.5756, 10.6756
OI, 2.139, 3.303956526496, -7.9391, 11.036843473504
OBr, 2.21, 3.298877455715, -8.2497, 11.423522544285
Pc1ccccc1I, 4.259, 3.796862204826, -7.0647, 11.789537795174
NCl, 1.694, 4.727128040451, -6.073, 7.302571959549
C=CC=CC=C=N, 1.754, 2.7358086659, -6.8129, 9.5669
C=CC=CC=C=S, 1.355, 1.614036352833, -8.1912, 10.5462
PI, 4.048, 4.138828822797, -7.2368, 11.408671177203
N, 1.786, 12.22849797008, 1.7225, -7.902297970079999
II, 0.0, 2.731780658983, -8.8364, 9.8364
C=CC=CC=C(C)C=CC=C, 0.587, 1.900071616372, -7.6661, 9.2531
NI, 2.798, 3.520962614963, -7.1787, 10.718437385037
FPc1ccccc1, 2.346, 4.145038085967, -6.6607, 9.124361914032999
N=O, 1.78, 0.779555274586, -9.9993, 12.673255274586
c1ccccc1, 0.0, 4.932057936289, -6.0204, 5.3510420637110006
c1ccccc1, 0.0, 4.932005033497, -6.0204, 5.351094966503
c1ccccc1, 0.0, 4.932069843865, -6.0204, 5.351030156135
SCl, 1.469, 2.841738600774, -7.7987, 10.267700000000001
FON(F)S, -10000, -10000, -10000, -10000
N=C=CC=CC=CO, 1.968, 2.697752013924, -6.6145, 9.5825
Fc1ccccc1C=S, 3.925, 0.987346100764, -8.9113, 13.836300000000001
O=S, 1.829, 7.351e-08, -10.1309, 12.07430007351
C=CC=CC=Cc1ccccc1C=O, 3.241, 1.947755257023, -8.1305, 12.3715
N=Cc1ccccc1Cl, 1.141, 2.655073197732, -7.696, 9.837
C=CC=CC=C=O, 1.231, 2.580790373189, -7.3305, 9.561499999999999
SCl, 1.469, 2.841734450275, -7.7987, 10.267700000000001
C=CC=CC=C=S, 1.359, 1.613260680708, -8.1927, 10.5517
C=CC=CC=C=O, 1.228, 2.58030768699, -7.3305, 9.558499999999999
C=CC=CC(C)=CC=CCSC, 1.878, 2.033704299449, -7.5777, 10.4557
ClCl, 0.0, 3.369772696733, -8.6238, 9.516727303266999
Fc1ccccc1C(I)c1ccccc1, 4.898, 3.59341608778, -7.2508, 12.818083912219999
Brc1ccccc1, 3.566, 4.119358878414, -6.7788, 10.488141121586
CBr, 3.736, 5.274828988419, -5.8754, 8.599271011581
O=O, 0.0, 6.8e-11, -12.0513, 12.165700000068
P, 1.263, 5.95985243441, -5.4768, 5.042647565589999
CI, 3.691, 4.814922124554, -6.2953, 9.434077875446
Oc1ccccc1Br, 2.261, 4.026569255236, -6.7808, 9.277930744764
Cc1ccccc1-c1ccccc1C=CC=CC=C=O, 1.625, 2.35837124422, -7.3276, 9.9526
c1ccccc1, 0.001, 4.932006152221, -6.0204, 5.352093847779001
O=C=CC=CC=CPc1ccccc1, 1.115, 2.400836855904, -7.3981, 9.513100000000001
ClI, 2.715, 3.050778323452, -8.5633, 12.2783
Ic1ccccc1, 3.682, 4.142560725843, -6.7381, 10.540239274156999
ClI, 2.715, 3.050778323278, -8.5633, 12.2783
PI, 4.048, 4.138781053195, -7.2369, 11.408818946804999
C#P, 0.972, 3.951314621955, -6.8674, 8.150785378045
FPc1ccc2cc1CC=C2Cl, 2.678, 1.657620951197, -8.3807, 12.058699999999998
PBr, 4.221, 4.376448840621, -7.1916, 11.298851159379
Brc1ccccc1, 3.566, 4.119348782488, -6.7789, 10.488251217512
C=CC=CC=C=O, 1.23, 2.581165822198, -7.3299, 9.5599
O=C=C=S, 1.213, 7.44686e-07, -10.1862, 11.513600744686
Ic1ccccc1, 3.682, 4.142570563917, -6.7381, 10.540229436083
Cl, 1.051, 9.166710323889, -2.8332, -1.0198103238889993
FS, 1.942, 2.968608889827, -7.8041, 10.7461
C=C=S, 2.089, 2.14144518876, -8.0043, 11.093300000000001
C=CC=CC=C=O, 1.234, 2.581012698784, -7.3307, 9.5647
Fc1ccccc1, 2.187, 4.647686622534, -6.5446, 8.346613377466
C=C1C=CC=C1c1ccccc1I, 4.047, 2.122059344285, -8.0902, 13.1372
c1ccccc1, 0.001, 4.932058547245, -6.0204, 5.352041452755
c1ccccc1, 0.001, 4.932056852859, -6.0204, 5.352043147141001
Fc1ccccc1, 2.187, 4.647689127689, -6.5446, 8.346610872310999
S=C=CC=C=CC=CC=Cc1ccccc1, 2.071, 1.688522138033, -8.1241, 11.1951
c1ccccc1, 0.0, 4.932057005683, -6.0204, 5.351042994317
c1ccc(Pc2ccccc2)cc1, 1.605, 3.686138811851, -6.5827, 8.764261188149
Ic1ccccc1, 3.682, 4.1425510378, -6.7381, 10.5402489622
Clc1ccccc1C=CC=CCc1ccccc1, 1.623, 2.857238727619, -7.2244, 9.8474
FBr, 0.517, 2.680273172315, -10.0096, 11.5266
NBr, 2.82, 3.655195570463, -7.1991, 10.626604429537
S=S, 0.0, 5.0832e-08, -10.2514, 10.365800050832
N=S, 1.389, 0.109528221794, -9.7311, 11.344028221794
IOc1ccccc1, 2.271, 2.570871767072, -8.1406, 11.4116
Fc1ccccc1, 2.187, 4.647666387282, -6.5446, 8.346633612718
N#COc1ccccc1, 4.527, 4.472832090041, -6.8346, 11.151467909958999
OF, 2.383, 6.831220351312, -6.3111, 6.125579648687999
C=CC=CC=C=PI, 5.07, 2.396177162246, -8.213, 14.283
O=S, 1.829, 1.13156e-07, -10.1309, 12.074300113156001
NCl, 1.694, 4.727086090701, -6.0731, 7.302713909298999
C, 0.0, 17.372346663292, 4.6516, -17.761246663292
SBr, 2.964, 2.651651604416, -8.2898, 12.2538
C=O, 2.335, 3.620303319527, -7.9138, 10.891196680473
C=PP, 0.316, 2.727040101945, -7.7602, 9.0762
C=CC=CC=C=NC=CC=CC=C=S, 2.612, 1.120525708095, -8.1526, 11.7646
C=CC=CC=C=O, 1.233, 2.581098810709, -7.3305, 9.5635
Fc1ccccc1, 2.187, 4.64768500493, -6.5446, 8.34661499507
Cl, 1.051, 9.166710323774, -2.8332, -1.0198103237739997
PI, 4.048, 4.138682876732, -7.237, 11.409017123268
C=CC=CC=C=CF, 2.729, 2.848674517276, -7.5986, 11.3276
S=C=CC=CC=CI, 3.431, 1.612371046294, -8.4924, 12.9234
NSNC=CC=CC=C=CC=CC=CPc1ccccc1-c1ccccc1I, 5.44, 2.13849734129, -7.4315, 13.871500000000001
C, 0.0, 17.372310242232, 4.6516, -17.761210242232004
C#P, 0.972, 3.951332623997, -6.8674, 8.150767376003
OI, 2.139, 3.304013970068, -7.939, 11.036686029932
C=CC=CC=C=O, 1.234, 2.580953143918, -7.3308, 9.5648
NF, 2.597, 7.690551811952, -3.6989, 2.8680481880479998
O, 2.218, 14.400154507164, 2.2528, -10.172254507164002
C=O, 2.335, 3.618784056094, -7.9158, 10.894715943906
ClI, 2.715, 3.050778323641, -8.5633, 12.2783
